Дата формирования отчета:,2023-11-28 15:26:00
Группа товара:,Название товара:,Коллекция:,Розничная цена:,"Размер (В*Ш*Г), мм:",Цвет каркасов:,Материал каркасов:,Цвет фасадов:,Материал фасадов:,Отделка фасадов:,"Толщина кромки, мм:",Полезная информация:,Цвет столешницы:,"Толщина столешницы, мм:","Масса брутто, кг:","Объем, куб.м:"
https://mebel.com/catalog/kukhni/fyuzhn/fyuzhn-05-angel
""
https://mebel.com/catalog/kukhni/fyuzhn/fyuzhn-05-silky-white-silky-grey
""
https://mebel.com/catalog/kukhni/fyuzhn/fyuzhn-05-silky-mint-silky-white
""
https://mebel.com/catalog/kukhni/fyuzhn/fyuzhn-06-silky-white-silky-grey
""
https://mebel.com/catalog/kukhni/fyuzhn/fyuzhn-06-silky-white-silky-mint
""
https://mebel.com/catalog/kukhni/fyuzhn/fyuzhn-01-silky-grey-silky-white
""
https://mebel.com/catalog/kukhni/fyuzhn/fyuzhn-01-gallant-angel
""
https://mebel.com/catalog/kukhni/fyuzhn/fyuzhn-01-silky-blue-silky-white
""
https://mebel.com/catalog/kukhni/fyuzhn/fyuzhn-06-angel-anthracite
""
https://mebel.com/catalog/kukhni/fyuzhn/fyuzhn-01-silky-mint-silky-white
""
https://mebel.com/catalog/kukhni/fyuzhn/fyuzhn-03-gallant-angel
""
https://mebel.com/catalog/kukhni/fyuzhn/fyuzhn-03-gallant
""
https://mebel.com/catalog/kukhni/fyuzhn/fyuzhn-01-gallant-anthracite
""
https://mebel.com/catalog/kukhni/fyuzhn/fyuzhn-03-silky-grey
""
https://mebel.com/catalog/kukhni/fyuzhn/fyuzhn-03-silky-mint
""
https://mebel.com/catalog/kukhni/fyuzhn/fyuzhn-03-silky-blue
""
https://mebel.com/catalog/kukhni/fyuzhn/fyuzhn-03-silky-white
""
https://mebel.com/catalog/kukhni/fyuzhn/fyuzhn-03-anthracite
""
https://mebel.com/catalog/kukhni/fyuzhn/fyuzhn-01-angel
""
https://mebel.com/catalog/kukhni/fyuzhn/fyuzhn-04-gallant
""
https://mebel.com/catalog/kukhni/fyuzhn/fyuzhn-04-silky-white
""
https://mebel.com/catalog/kukhni/fyuzhn/fyuzhn-04-silky-grey-silky-white
""
https://mebel.com/catalog/kukhni/fyuzhn/fyuzhn-04-silky-blue-silky-white
""
https://mebel.com/catalog/kukhni/fyuzhn/fyuzhn-04-silky-mint
""
https://mebel.com/catalog/kukhni/fyuzhn/fyuzhn-04-angel-gallant
""
https://mebel.com/catalog/kukhni/fyuzhn/fyuzhn-04-silky-blue
""
https://mebel.com/catalog/kukhni/fyuzhn/fyuzhn-04-silky-grey
""
https://mebel.com/catalog/kukhni/fyuzhn/fyuzhn-04-anthracite
""
https://mebel.com/catalog/kukhni/fyuzhn/fyuzhn-02-silky-white
""
https://mebel.com/catalog/kukhni/fyuzhn/fyuzhn-02-silky-grey-silky-white
""
https://mebel.com/catalog/kukhni/fyuzhn/fyuzhn-02-silky-mint-silky-white
""
https://mebel.com/catalog/kukhni/fyuzhn/fyuzhn-02-silky-blue-silky-white
""
https://mebel.com/catalog/kukhni/fyuzhn/fyuzhn-02-angel
""
